epoch,lr,loss,iou,val_loss,val_iou,val_dice
0,0.001,0.9958162705103556,0.14818018847185455,1.0469530062241987,1.8646599116599524e-10,3.7293198223141276e-10
1,0.001,0.7550294739859444,0.31243052767467233,1.1423313292590054,1.8646599116599524e-10,3.7293198223141276e-10
2,0.001,0.66471114612761,0.342322200200829,0.9301995580846613,0.21293037652959892,0.34919839461356056
3,0.001,0.639529702209291,0.35088431080711663,1.0427005832845515,0.041569750991682926,0.07721893892628312
4,0.001,0.5961791901361375,0.38444132313940443,0.8671983480453491,0.27727174641774915,0.4264644474622133
5,0.001,0.5917476018269857,0.4101315020454833,0.8072489500045776,0.30469981110839367,0.45101897542790065
